{"cameraMode":{"drawMode":0,"name":"Shaded","section":"Shading Mode"},"sceneLighting":true,"audioPlay":false,"sceneViewState":{"m_AlwaysRefresh":false,"showFog":true,"showSkybox":true,"showFlares":true,"showImageEffects":true,"showParticleSystems":true,"showVisualEffectGraphs":true,"m_FxEnabled":true},"in2DMode":false,"pivot":{"x":-20.522127151489259,"y":46.96571731567383,"z":-26.738649368286134},"rotation":{"x":0.07614736258983612,"y":0.35414770245552065,"z":-0.02906220406293869,"w":0.9315829277038574},"size":5.674746513366699,"orthographic":false}