{"cameraMode":{"drawMode":0,"name":"Shaded","section":"Shading Mode"},"sceneLighting":false,"audioPlay":false,"sceneViewState":{"m_AlwaysRefresh":false,"showFog":false,"showSkybox":false,"showFlares":false,"showImageEffects":false,"showParticleSystems":false,"showVisualEffectGraphs":true,"m_FxEnabled":true},"in2DMode":false,"pivot":{"x":0.3200114965438843,"y":-0.42772895097732546,"z":1.6058858633041382},"rotation":{"x":0.14672744274139405,"y":0.14281678199768067,"z":-0.021176598966121675,"w":0.9785284399986267},"size":0.2248324453830719,"orthographic":false}